{"train_loss": [2.2239999771118164, 2.2920000553131104, 2.3610000610351562, 2.3610000610351562, 2.3610000610351562, 2.3610000610351562, 2.3610000610351562, 2.3610000610351562, 2.3610000610351562, 2.3610000610351562], "train_acc": [0.225, 0.167, 0.1, 0.1, 0.1, 0.1, 0.1, 0.1, 0.1, 0.1], "test_loss": [2.3529999256134033, 2.3589999675750732, 2.3589999675750732, 2.3589999675750732, 2.3589999675750732, 2.3589999675750732, 2.3589999675750732, 2.3589999675750732, 2.3589999675750732, 2.3589999675750732], "test_acc": [0.107, 0.102, 0.102, 0.102, 0.102, 0.102, 0.102, 0.102, 0.102, 0.102]}