{"train_loss": [2.250999927520752, 2.3550000190734863, 2.3610000610351562, 2.3610000610351562, 2.3610000610351562, 2.3610000610351562, 2.3610000610351562, 2.3610000610351562, 2.3610000610351562, 2.3610000610351562], "train_acc": [0.201, 0.106, 0.1, 0.1, 0.1, 0.1, 0.1, 0.1, 0.1, 0.1], "test_loss": [2.365999937057495, 2.3610000610351562, 2.3610000610351562, 2.3610000610351562, 2.3610000610351562, 2.3610000610351562, 2.3610000610351562, 2.3610000610351562, 2.3610000610351562, 2.3610000610351562], "test_acc": [0.095, 0.101, 0.101, 0.101, 0.101, 0.101, 0.101, 0.101, 0.101, 0.101]}