{"train_loss": [2.0339999198913574, 1.9950000047683716, 1.9470000267028809, 1.9210000038146973, 1.8839999437332153, 1.8630000352859497, 1.8320000171661377, 1.8070000410079956, 1.781000018119812, 1.7649999856948853], "train_acc": [0.423, 0.461, 0.51, 0.537, 0.574, 0.596, 0.627, 0.653, 0.679, 0.697], "test_loss": [2.2019999027252197, 2.2100000381469727, 2.1500000953674316, 2.125, 2.11299991607666, 2.1010000705718994, 2.127000093460083, 2.1050000190734863, 2.121000051498413, 2.1040000915527344], "test_acc": [0.244, 0.241, 0.303, 0.33, 0.341, 0.351, 0.326, 0.348, 0.332, 0.348]}