{"train_loss": [2.0759999752044678, 2.0899999141693115, 2.0209999084472656, 1.9730000495910645, 1.9529999494552612, 1.9149999618530273, 1.8910000324249268, 1.8600000143051147, 1.8359999656677246, 1.8200000524520874], "train_acc": [0.378, 0.367, 0.436, 0.484, 0.506, 0.543, 0.567, 0.6, 0.625, 0.641], "test_loss": [2.3410000801086426, 2.1740000247955322, 2.2149999141693115, 2.1679999828338623, 2.187999963760376, 2.1549999713897705, 2.1480000019073486, 2.1470000743865967, 2.1600000858306885, 2.134999990463257], "test_acc": [0.118, 0.281, 0.239, 0.283, 0.265, 0.3, 0.304, 0.305, 0.291, 0.318]}