{"train_loss": [2.1659998893737793, 2.1679999828338623, 2.0940001010894775, 2.055999994277954, 2.0160000324249268, 1.9800000190734863, 1.9470000267028809, 1.9220000505447388, 1.8899999856948853, 1.8680000305175781], "train_acc": [0.283, 0.287, 0.361, 0.4, 0.441, 0.477, 0.511, 0.537, 0.57, 0.594], "test_loss": [2.303999900817871, 2.2239999771118164, 2.2179999351501465, 2.1989998817443848, 2.2290000915527344, 2.2090001106262207, 2.197999954223633, 2.2100000381469727, 2.2060000896453857, 2.2060000896453857], "test_acc": [0.153, 0.228, 0.237, 0.251, 0.22, 0.242, 0.254, 0.241, 0.246, 0.245]}