{"train_loss": [2.0759999752044678, 2.055999994277954, 2.0280001163482666, 2.0299999713897705, 2.01200008392334, 1.9769999980926514, 1.9539999961853027, 1.9270000457763672, 1.906999945640564, 1.8949999809265137], "train_acc": [0.38, 0.399, 0.43, 0.428, 0.446, 0.481, 0.504, 0.532, 0.552, 0.565], "test_loss": [2.203000068664551, 2.180999994277954, 2.197000026702881, 2.1760001182556152, 2.197999954223633, 2.1579999923706055, 2.0969998836517334, 2.1410000324249268, 2.125999927520752, 2.124000072479248], "test_acc": [0.242, 0.27, 0.261, 0.28, 0.26, 0.298, 0.358, 0.314, 0.329, 0.331]}