{"train_loss": [2.0889999866485596, 2.127000093460083, 2.1389999389648438, 2.177000045776367, 2.2239999771118164, 2.2260000705718994, 2.2339999675750732, 2.203000068664551, 2.171999931335449, 2.1670000553131104], "train_acc": [0.37, 0.331, 0.319, 0.284, 0.237, 0.235, 0.227, 0.258, 0.289, 0.294], "test_loss": [2.2139999866485596, 2.319999933242798, 2.2860000133514404, 2.3589999675750732, 2.252000093460083, 2.3589999675750732, 2.2799999713897705, 2.2750000953674316, 2.24399995803833, 2.255000114440918], "test_acc": [0.245, 0.139, 0.171, 0.102, 0.209, 0.102, 0.18, 0.186, 0.215, 0.205]}