{"train_loss": [2.0399999618530273, 2.003000020980835, 1.9539999961853027, 1.9199999570846558, 1.8899999856948853, 1.8619999885559082, 1.8329999446868896, 1.8029999732971191, 1.7790000438690186, 1.7630000114440918], "train_acc": [0.417, 0.453, 0.503, 0.538, 0.568, 0.597, 0.626, 0.657, 0.682, 0.699], "test_loss": [2.2709999084472656, 2.114000082015991, 2.1579999923706055, 2.191999912261963, 2.122999906539917, 2.134000062942505, 2.111999988555908, 2.1110000610351562, 2.1080000400543213, 2.1050000190734863], "test_acc": [0.178, 0.338, 0.293, 0.26, 0.332, 0.319, 0.342, 0.345, 0.345, 0.347]}