{"train_loss": [2.0490000247955322, 2.049999952316284, 1.9869999885559082, 1.9589999914169312, 1.937000036239624, 1.9019999504089355, 1.8739999532699585, 1.8480000495910645, 1.8229999542236328, 1.8070000410079956], "train_acc": [0.408, 0.407, 0.47, 0.499, 0.521, 0.557, 0.584, 0.612, 0.637, 0.654], "test_loss": [2.2190001010894775, 2.186000108718872, 2.0999999046325684, 2.1679999828338623, 2.1619999408721924, 2.065000057220459, 2.134000062942505, 2.0789999961853027, 2.049999952316284, 2.058000087738037], "test_acc": [0.229, 0.264, 0.353, 0.287, 0.294, 0.392, 0.321, 0.375, 0.407, 0.398]}