{"train_loss": [2.0959999561309814, 2.1500000953674316, 2.1089999675750732, 2.0230000019073486, 1.9869999885559082, 1.944000005722046, 1.9079999923706055, 1.8730000257492065, 1.850000023841858, 1.8339999914169312], "train_acc": [0.359, 0.309, 0.347, 0.434, 0.47, 0.513, 0.55, 0.586, 0.611, 0.627], "test_loss": [2.2339999675750732, 2.2290000915527344, 2.188999891281128, 2.066999912261963, 2.134999990463257, 2.0769999027252197, 2.0399999618530273, 2.072999954223633, 2.078000068664551, 2.0339999198913574], "test_acc": [0.222, 0.23, 0.261, 0.388, 0.317, 0.377, 0.413, 0.381, 0.375, 0.423]}