{"train_loss": [2.0889999866485596, 2.2690000534057617, 2.3610000610351562, 2.3610000610351562, 2.3610000610351562, 2.3610000610351562, 2.3610000610351562, 2.3610000610351562, 2.3610000610351562, 2.3610000610351562], "train_acc": [0.367, 0.19, 0.1, 0.1, 0.1, 0.1, 0.1, 0.1, 0.1, 0.1], "test_loss": [2.1679999828338623, 2.3320000171661377, 2.3510000705718994, 2.3540000915527344, 2.3540000915527344, 2.3540000915527344, 2.3540000915527344, 2.3540000915527344, 2.3540000915527344, 2.3540000915527344], "test_acc": [0.287, 0.129, 0.11, 0.107, 0.107, 0.107, 0.107, 0.107, 0.107, 0.107]}