{"train_loss": [2.2190001010894775, 2.3499999046325684, 2.3610000610351562, 2.3610000610351562, 2.3610000610351562, 2.3610000610351562, 2.3610000610351562, 2.3610000610351562, 2.3610000610351562, 2.3610000610351562], "train_acc": [0.236, 0.111, 0.1, 0.1, 0.1, 0.1, 0.1, 0.1, 0.1, 0.1], "test_loss": [2.296999931335449, 2.3589999675750732, 2.3589999675750732, 2.3589999675750732, 2.3589999675750732, 2.3589999675750732, 2.3589999675750732, 2.3589999675750732, 2.3589999675750732, 2.3589999675750732], "test_acc": [0.162, 0.102, 0.102, 0.102, 0.102, 0.102, 0.102, 0.102, 0.102, 0.102]}