{"train_loss": [2.1630001068115234, 2.184000015258789, 2.132999897003174, 2.069000005722046, 2.0290000438690186, 1.9980000257492065, 1.968999981880188, 1.937999963760376, 1.9119999408721924, 1.8880000114440918], "train_acc": [0.286, 0.272, 0.322, 0.386, 0.426, 0.459, 0.488, 0.52, 0.548, 0.574], "test_loss": [2.3399999141693115, 2.2890000343322754, 2.3299999237060547, 2.2300000190734863, 2.2049999237060547, 2.194999933242798, 2.190000057220459, 2.190999984741211, 2.2160000801086426, 2.2079999446868896], "test_acc": [0.119, 0.169, 0.127, 0.218, 0.246, 0.254, 0.262, 0.262, 0.236, 0.244]}