{"train_loss": [2.2209999561309814, 2.3469998836517334, 2.3610000610351562, 2.3610000610351562, 2.3610000610351562, 2.3610000610351562, 2.3610000610351562, 2.3610000610351562, 2.3610000610351562, 2.3610000610351562], "train_acc": [0.236, 0.114, 0.1, 0.1, 0.1, 0.1, 0.1, 0.1, 0.1, 0.1], "test_loss": [2.3350000381469727, 2.36299991607666, 2.36299991607666, 2.36299991607666, 2.36299991607666, 2.36299991607666, 2.36299991607666, 2.36299991607666, 2.36299991607666, 2.36299991607666], "test_acc": [0.12, 0.098, 0.098, 0.098, 0.098, 0.098, 0.098, 0.098, 0.098, 0.098]}