{"train_loss": [2.299999952316284, 2.2720000743865967, 2.246000051498413, 2.2249999046325684, 2.2090001106262207, 2.197000026702881, 2.187000036239624, 2.180999994277954, 2.177999973297119, 2.1760001182556152], "train_acc": [0.122, 0.162, 0.203, 0.233, 0.255, 0.27, 0.282, 0.291, 0.294, 0.298], "test_loss": [2.3359999656677246, 2.3410000801086426, 2.3440001010894775, 2.3459999561309814, 2.3459999561309814, 2.3450000286102295, 2.3450000286102295, 2.3420000076293945, 2.3420000076293945, 2.3420000076293945], "test_acc": [0.1, 0.106, 0.104, 0.1, 0.101, 0.102, 0.101, 0.105, 0.108, 0.108]}