{"train_loss": [2.312999963760376, 2.309999942779541, 2.306999921798706, 2.303999900817871, 2.3010001182556152, 2.2990000247955322, 2.296999931335449, 2.2960000038146973, 2.2960000038146973, 2.2960000038146973], "train_acc": [0.095, 0.101, 0.104, 0.109, 0.113, 0.119, 0.122, 0.126, 0.125, 0.127], "test_loss": [2.3480000495910645, 2.3469998836517334, 2.3459999561309814, 2.3440001010894775, 2.3399999141693115, 2.3329999446868896, 2.3289999961853027, 2.328000068664551, 2.3269999027252197, 2.3269999027252197], "test_acc": [0.101, 0.095, 0.089, 0.084, 0.083, 0.091, 0.097, 0.098, 0.1, 0.1]}