{"train_loss": [2.2660000324249268, 2.203000068664551, 2.1689999103546143, 2.1440000534057617, 2.118000030517578, 2.0880000591278076, 2.056999921798706, 2.0290000438690186, 2.009999990463257, 1.9989999532699585], "train_acc": [0.17, 0.246, 0.282, 0.309, 0.336, 0.37, 0.405, 0.434, 0.457, 0.467], "test_loss": [2.3529999256134033, 2.3550000190734863, 2.2939999103546143, 2.3369998931884766, 2.3369998931884766, 2.3299999237060547, 2.3350000381469727, 2.325000047683716, 2.319000005722046, 2.321000099182129], "test_acc": [0.103, 0.104, 0.159, 0.122, 0.121, 0.128, 0.122, 0.133, 0.137, 0.136]}