{"train_loss": [2.181999921798706, 2.135999917984009, 2.0889999866485596, 2.055000066757202, 2.0190000534057617, 1.996000051498413, 1.9630000591278076, 1.9359999895095825, 1.9049999713897705, 1.8819999694824219], "train_acc": [0.267, 0.315, 0.364, 0.4, 0.436, 0.461, 0.496, 0.523, 0.556, 0.581], "test_loss": [2.3499999046325684, 2.3510000705718994, 2.3420000076293945, 2.309999942779541, 2.246999979019165, 2.2890000343322754, 2.312000036239624, 2.23799991607666, 2.26200008392334, 2.2660000324249268], "test_acc": [0.106, 0.107, 0.116, 0.147, 0.203, 0.163, 0.142, 0.21, 0.189, 0.187]}