{"train_loss": [2.3010001182556152, 2.2869999408721924, 2.2709999084472656, 2.257999897003174, 2.249000072479248, 2.240999937057495, 2.234999895095825, 2.2320001125335693, 2.2300000190734863, 2.2290000915527344], "train_acc": [0.119, 0.149, 0.174, 0.193, 0.207, 0.217, 0.226, 0.23, 0.233, 0.233], "test_loss": [2.3350000381469727, 2.325000047683716, 2.3259999752044678, 2.321000099182129, 2.321000099182129, 2.322000026702881, 2.321000099182129, 2.321000099182129, 2.322000026702881, 2.322000026702881], "test_acc": [0.109, 0.114, 0.11, 0.121, 0.121, 0.122, 0.122, 0.123, 0.123, 0.122]}