{"train_loss": [2.2790000438690186, 2.2200000286102295, 2.1689999103546143, 2.132999897003174, 2.1019999980926514, 2.069999933242798, 2.0429999828338623, 2.0209999084472656, 2.006999969482422, 2.000999927520752], "train_acc": [0.158, 0.23, 0.283, 0.322, 0.359, 0.395, 0.424, 0.451, 0.467, 0.472], "test_loss": [2.3410000801086426, 2.3380000591278076, 2.3389999866485596, 2.322999954223633, 2.325000047683716, 2.309999942779541, 2.3010001182556152, 2.303999900817871, 2.305999994277954, 2.305999994277954], "test_acc": [0.101, 0.113, 0.114, 0.128, 0.127, 0.143, 0.149, 0.147, 0.145, 0.146]}